{
  "Disabled": true,
  "Testing": false,
  "ScheduledForDeletion": false,
  "InstalledFromUrl": null,
  "IsThirdParty": false,
  "EffectiveVersion": "2.2.0.3",
  "Author": "Eternita",
  "Name": "Sp2",
  "Punchline": null,
  "Description": "Adds custom waymark system into the game, allowing drawing infinite amount of waymarks in world and highlighting objects, players and enemies",
  "Changelog": null,
  "Tags": null,
  "CategoryTags": null,
  "IsHide": false,
  "InternalName": "Sp2",
  "AssemblyVersion": "2.1.0.1",
  "TestingAssemblyVersion": null,
  "IsTestingExclusive": false,
  "RepoUrl": "https://github.com/Eternita-S",
  "ApplicableVersion": "any",
  "DalamudApiLevel": 6,
  "DownloadCount": 0,
  "LastUpdate": 0,
  "DownloadLinkInstall": null,
  "DownloadLinkUpdate": null,
  "DownloadLinkTesting": null,
  "LoadRequiredState": 0,
  "LoadSync": false,
  "LoadPriority": 0,
  "CanUnloadAsync": false,
  "ImageUrls": null,
  "IconUrl": null,
  "AcceptsFeedback": true,
  "FeedbackMessage": null,
  "_isDip17Plugin": false,
  "_Dip17Channel": null
}